{"cameraMode":{"drawMode":0,"name":"Shaded","section":"Shading Mode"},"sceneLighting":false,"audioPlay":false,"sceneViewState":{"showFog":true,"showMaterialUpdate":true,"showSkybox":true,"showFlares":true,"showImageEffects":true,"showParticleSystems":true},"in2DMode":false,"pivot":{"x":-0.09293375164270401,"y":-0.01685696467757225,"z":0.031900402158498767},"rotation":{"x":-0.21933682262897492,"y":0.43394190073013308,"z":-0.10979174822568894,"w":-0.8669096827507019},"size":0.2606397271156311,"orthographic":false}