{"cameraMode":{"drawMode":0,"name":"Shaded","section":"Shading Mode"},"sceneLighting":false,"audioPlay":false,"sceneViewState":{"showFog":true,"showMaterialUpdate":true,"showSkybox":true,"showFlares":true,"showImageEffects":true,"showParticleSystems":true},"in2DMode":false,"pivot":{"x":0.14909601211547852,"y":0.10466092824935913,"z":-0.2975306510925293},"rotation":{"x":-0.23237398266792298,"y":-0.7236901521682739,"z":0.28888973593711855,"w":-0.5821060538291931},"size":0.6073950529098511,"orthographic":false}